rk,squad,mp,w,d,l,gf,ga,gd,pts,pts/mp,attendance,top_team_scorer,goalkeeper,notes,season,xg,xga,xgd,xgd/90
1,Barcelona,38,30,4,4,110,21,89,94,2.47,77632,Lionel Messi - 43,Claudio Bravo,→ Champions League via Champions League win,2014,,,,
2,Real Madrid,38,30,2,6,118,38,80,92,2.42,73545,Cristiano Ronaldo - 48,Iker Casillas,→ Champions League via league finish,2014,,,,
3,Atlético Madrid,38,23,9,6,67,29,38,78,2.05,46454,Antoine Griezmann - 22,Miguel Ángel Moyá,→ Champions League via league finish,2014,,,,
4,Valencia,38,22,11,5,70,32,38,77,2.03,43125,Daniel Parejo - 12,Diego Alves,→ Champions League via league finish,2014,,,,
5,Sevilla,38,23,7,8,71,45,26,76,2,30878,Carlos Bacca - 20,Sergio Rico,→ Champions League via Europa League win,2014,,,,
6,Villarreal,38,16,12,10,48,37,11,60,1.58,16375,Luciano Vietto - 12,Sergio Asenjo,→ Europa League via league finish 1,2014,,,,
7,Athletic Club,38,15,10,13,42,41,1,55,1.45,40654,Aritz Aduriz - 18,Gorka Iraizoz,→ Europa League via league finish,2014,,,,
8,Celta Vigo,38,13,12,13,47,44,3,51,1.34,19039,Nolito - 13,Sergio Álvarez,,2014,,,,
9,Málaga,38,14,8,16,42,48,-6,50,1.32,22333,Juanmi - 8,Carlos Kameni,,2014,,,,
10,Espanyol,38,13,10,15,47,51,-4,49,1.29,18694,Sergio García - 14,Kiko Casilla,,2014,,,,
11,Rayo Vallecano,38,15,4,19,46,68,-22,49,1.29,10414,Alberto Bueno - 17,Toño,,2014,,,,
12,Real Sociedad,38,11,13,14,44,51,-7,46,1.21,21550,Carlos Vela - 9,Gerónimo Rulli,,2014,,,,
13,Elche,38,11,8,19,35,62,-27,41,1.08,21668,Jonathas - 14,Przemysław Tytoń,Relegated 2,2014,,,,
14,Levante,38,9,10,19,34,67,-33,37,0.97,15866,David Barral - 11,Diego Mariño,,2014,,,,
15,Getafe,38,10,7,21,33,64,-31,37,0.97,7171,Álvaro Vázquez - 7,Vicente Guaita,,2014,,,,
16,La Coruña,38,7,14,17,35,60,-25,35,0.92,21042,Lucas Pérez - 6,Fabricio,,2014,,,,
17,Granada,38,7,14,17,29,64,-35,35,0.92,17736,Youssef El-Arabi - 8,Roberto,,2014,,,,
18,Eibar,38,9,8,21,34,55,-21,35,0.92,4773,Mikel Arruabarrena - 9,Xabi Irureta,Retained 3,2014,,,,
19,Almería,38,8,8,22,35,64,-29,29,0.76,10538,Tomer Hemed - 8,Rubén,"3-point deduction 4, Relegated",2014,,,,
20,Córdoba,38,3,11,24,22,68,-46,20,0.53,16348,Nabil Ghilas - 7,Juan Carlos,Relegated,2014,,,,
1,Barcelona,38,29,4,5,112,29,83,91,2.39,74655,Luis Suárez - 40,Claudio Bravo,→ Champions League via league finish,2015,,,,
2,Real Madrid,38,28,6,4,110,34,76,90,2.37,71265,Cristiano Ronaldo - 35,Keylor Navas,→ Champions League via Champions League win,2015,,,,
3,Atlético Madrid,38,28,4,6,63,18,45,88,2.32,46902,Antoine Griezmann - 22,Jan Oblak,→ Champions League via league finish,2015,,,,
4,Villarreal,38,18,10,10,44,35,9,64,1.68,17660,Cédric Bakambu - 12,Alphonse Areola,→ Champions League via league finish,2015,,,,
5,Athletic Club,38,18,8,12,58,45,13,62,1.63,41917,Aritz Aduriz - 20,Gorka Iraizoz,→ Europa League via league finish,2015,,,,
6,Celta Vigo,38,17,9,12,51,59,-8,60,1.58,18382,Iago Aspas - 13,Sergio Álvarez,→ Europa League via league finish 1,2015,,,,
7,Sevilla,38,14,10,14,51,50,1,52,1.37,33134,Kévin Gameiro - 16,Sergio Rico,→ Champions League via Europa League win,2015,,,,
8,Málaga,38,12,12,14,38,35,3,48,1.26,21401,Charles - 12,Carlos Kameni,,2015,,,,
9,Real Sociedad,38,13,9,16,45,48,-3,48,1.26,20603,Imanol Agirretxe - 13,Gerónimo Rulli,,2015,,,,
10,Betis,38,11,12,15,34,52,-18,45,1.18,37832,Rubén Castro - 19,Antonio Adán,,2015,,,,
11,Las Palmas,38,12,8,18,45,53,-8,44,1.16,21302,Jonathan Viera - 10,Javi Varas,,2015,,,,
12,Valencia,38,11,11,16,46,48,-2,44,1.16,37544,Paco Alcácer - 13,Jaume Doménech,,2015,,,,
13,Espanyol,38,12,7,19,40,74,-34,43,1.13,21595,Felipe Caicedo - 8,Pau López,,2015,,,,
14,Eibar,38,11,10,17,49,61,-12,43,1.13,5215,Borja Bastón - 18,Asier Riesgo,,2015,,,,
15,La Coruña,38,8,18,12,45,61,-16,42,1.11,23797,Lucas Pérez - 17,Germán Lux,,2015,,,,
16,Granada,38,10,9,19,46,69,-23,39,1.03,16400,Youssef El-Arabi - 16,Andrés Fernández,,2015,,,,
17,Sporting Gijón,38,10,9,19,40,62,-22,39,1.03,23559,Antonio Sanabria - 11,Iván Cuéllar,,2015,,,,
18,Rayo Vallecano,38,9,11,18,52,73,-21,38,1,11665,Javi Guerra - 12,Juan Carlos,Relegated,2015,,,,
19,Getafe,38,9,9,20,37,67,-30,36,0.95,7498,Pablo Sarabia - 7,Vicente Guaita,Relegated,2015,,,,
20,Levante,38,8,8,22,37,70,-33,32,0.84,14661,Deyverson - 9,Diego Mariño,Relegated,2015,,,,
1,Real Madrid,38,29,6,3,106,41,65,93,2.45,71977,Cristiano Ronaldo - 25,Keylor Navas,→ Champions League via Champions League win,2016,,,,
2,Barcelona,38,28,6,4,116,37,79,90,2.37,78678,Lionel Messi - 37,Marc-André ter Stegen,→ Champions League via league finish,2016,,,,
3,Atlético Madrid,38,23,9,6,70,27,43,78,2.05,44737,Antoine Griezmann - 16,Jan Oblak,→ Champions League via league finish,2016,,,,
4,Sevilla,38,21,9,8,69,49,20,72,1.89,32783,Wissam Ben Yedder - 11,Sergio Rico,→ Champions League via league finish,2016,,,,
5,Villarreal,38,19,10,9,56,33,23,67,1.76,17870,Cédric Bakambu - 11,Sergio Asenjo,→ Europa League via league finish,2016,,,,
6,Real Sociedad,38,19,7,12,59,53,6,64,1.68,21473,Willian José - 12,Gerónimo Rulli,→ Europa League via league finish 1,2016,,,,
7,Athletic Club,38,19,6,13,53,43,10,63,1.66,40948,Aritz Aduriz - 16,Kepa Arrizabalaga,→ Europa League via league finish,2016,,,,
8,Espanyol,38,15,11,12,49,50,-1,56,1.47,20433,Gerard Moreno - 13,Diego López,,2016,,,,
9,Alavés,38,14,13,11,41,43,-2,55,1.45,18143,Deyverson - 7,Fernando Pacheco,,2016,,,,
10,Eibar,38,15,9,14,56,51,5,54,1.42,5326,Sergi Enrich - 11,Yoel,,2016,,,,
11,Málaga,38,12,10,16,49,55,-6,46,1.21,22501,Sandro Ramírez - 14,Carlos Kameni,,2016,,,,
12,Valencia,38,13,7,18,56,65,-9,46,1.21,33866,"Simone Zaza, Santi Mina... - 6",Diego Alves,,2016,,,,
13,Celta Vigo,38,13,6,19,53,69,-16,45,1.18,17028,Iago Aspas - 19,Sergio Álvarez,,2016,,,,
14,Las Palmas,38,10,9,19,53,74,-21,39,1.03,20458,Kevin-Prince Boateng - 10,Javi Varas,,2016,,,,
15,Betis,38,10,9,19,41,64,-23,39,1.03,33492,Rubén Castro - 13,Antonio Adán,,2016,,,,
16,La Coruña,38,8,12,18,43,61,-18,36,0.95,22521,Florin Andone - 12,Germán Lux,,2016,,,,
17,Leganés,38,8,11,19,36,55,-19,35,0.92,10182,Alexander - 8,Iago Herrerín,,2016,,,,
18,Sporting Gijón,38,7,10,21,42,72,-30,31,0.82,23069,Duje Čop - 9,Iván Cuéllar,Relegated,2016,,,,
19,Osasuna,38,4,10,24,40,94,-54,22,0.58,14770,Sergio León - 10,Salvatore Sirigu,Relegated,2016,,,,
20,Granada,38,4,8,26,30,82,-52,20,0.53,14890,"Andreas Pereira, Artem Kravets... - 5",Guillermo Ochoa,Relegated,2016,,,,
1,Barcelona,38,28,9,1,99,29,70,93,2.45,67142,Lionel Messi - 34,Marc-André ter Stegen,→ Champions League via league finish,2017,83.5,41.9,41.6,1.09
2,Atlético Madrid,38,23,10,5,58,22,36,79,2.08,52707,Antoine Griezmann - 19,Jan Oblak,→ Champions League via Europa League win,2017,50.2,35.8,14.4,0.38
3,Real Madrid,38,22,10,6,94,44,50,76,2,66863,Cristiano Ronaldo - 26,Keylor Navas,→ Champions League via Champions League win,2017,85.4,43.2,42.2,1.11
4,Valencia,38,22,7,9,65,38,27,73,1.92,38607,Rodrigo - 16,Neto,→ Champions League via league finish,2017,56,48.3,7.7,0.2
5,Villarreal,38,18,7,13,57,50,7,61,1.61,16779,Carlos Bacca - 15,Sergio Asenjo,→ Europa League via league finish,2017,53.3,53.4,-0.1,0
6,Betis,38,18,6,14,60,61,-1,60,1.58,46781,Sergio León - 11,Antonio Adán,→ Europa League via league finish 1,2017,46,49,-3.1,-0.08
7,Sevilla,38,17,7,14,49,58,-9,58,1.53,33006,Wissam Ben Yedder - 9,Sergio Rico,→ Europa League via league finish,2017,59.5,54.4,5.2,0.14
8,Getafe,38,15,10,13,42,33,9,55,1.45,10428,Ángel Rodríguez - 13,Vicente Guaita,,2017,48.2,39.7,8.5,0.22
9,Eibar,38,14,9,15,44,50,-6,51,1.34,5338,"Charles, Kiké - 8",Marko Dmitrović,,2017,40.9,44.4,-3.5,-0.09
10,Girona,38,14,9,15,50,59,-9,51,1.34,10424,Cristhian Stuani - 21,Yassine Bounou,,2017,50.6,50.4,0.2,0.01
11,Espanyol,38,12,13,13,36,42,-6,49,1.29,17882,Gerard Moreno - 16,Pau López,,2017,41.1,52.3,-11.1,-0.29
12,Real Sociedad,38,14,7,17,66,59,7,49,1.29,19793,Willian José - 15,Gerónimo Rulli,,2017,53.7,50.5,3.1,0.08
13,Celta Vigo,38,13,10,15,59,60,-1,49,1.29,16195,Iago Aspas - 22,Rubén Blanco,,2017,55,55.3,-0.3,-0.01
14,Alavés,38,15,2,21,40,50,-10,47,1.24,18845,Munir El Haddadi - 10,Fernando Pacheco,,2017,38.5,55.9,-17.4,-0.46
15,Levante,38,11,13,14,44,58,-14,46,1.21,18534,José Luis Morales - 10,Oier Olazábal,,2017,44.7,63.6,-18.8,-0.5
16,Athletic Club,38,10,13,15,41,49,-8,43,1.13,37246,Raúl García - 10,Kepa Arrizabalaga,,2017,49.7,50.3,-0.6,-0.02
17,Leganés,38,12,7,19,34,51,-17,43,1.13,9969,Gabriel - 5,Iván Cuéllar,,2017,39.9,47.6,-7.6,-0.2
18,La Coruña,38,6,11,21,38,76,-38,29,0.76,20542,Adrián López - 9,Rubén,Relegated,2017,51.6,58.7,-7.1,-0.19
19,Las Palmas,38,5,7,26,24,74,-50,22,0.58,16183,Jonathan Calleri - 9,Leandro Chichizola,Relegated,2017,38.5,70.5,-32,-0.84
20,Málaga,38,5,5,28,24,61,-37,20,0.53,20333,Diego Rolán - 5,Roberto,Relegated,2017,38.4,59.4,-21,-0.55
1,Barcelona,38,26,9,3,90,36,54,87,2.29,76104,Lionel Messi - 36,Marc-André ter Stegen,→ Champions League via league finish,2018,75.8,45.3,30.5,0.8
2,Atlético Madrid,38,22,10,6,55,29,26,76,2,56216,Antoine Griezmann - 15,Jan Oblak,→ Champions League via league finish,2018,47.3,41.9,5.4,0.14
3,Real Madrid,38,21,5,12,63,46,17,68,1.79,61040,Karim Benzema - 21,Thibaut Courtois,→ Champions League via league finish,2018,66.7,47.1,19.6,0.52
4,Valencia,38,15,16,7,51,35,16,61,1.61,39504,Daniel Parejo - 9,Neto,→ Champions League via league finish,2018,60.7,42.9,17.8,0.47
5,Getafe,38,15,14,9,48,35,13,59,1.55,11000,"Jorge Molina, Jaime Mata - 14",David Soria,→ Europa League via league finish,2018,46.2,43.6,2.6,0.07
6,Sevilla,38,17,8,13,62,47,15,59,1.55,35993,Wissam Ben Yedder - 18,Tomáš Vaclík,→ Europa League via league finish 1,2018,66.6,45.4,21.3,0.56
7,Espanyol,38,14,11,13,48,50,-2,53,1.39,19388,Borja Iglesias - 17,Diego López,→ Europa League via league finish,2018,48.9,53.8,-4.9,-0.13
8,Athletic Club,38,13,14,11,41,45,-4,53,1.39,40664,Iñaki Williams - 13,Iago Herrerín,,2018,43.4,45.7,-2.3,-0.06
9,Real Sociedad,38,13,11,14,45,46,-1,50,1.32,22310,Mikel Oyarzabal - 13,Gerónimo Rulli,,2018,49.7,48.6,1.1,0.03
10,Betis,38,14,8,16,44,52,-8,50,1.32,44525,Giovani Lo Celso - 9,Pau López,,2018,47.1,49.4,-2.4,-0.06
11,Alavés,38,13,11,14,39,50,-11,50,1.32,17295,Jonathan Calleri - 9,Fernando Pacheco,,2018,41.1,53.2,-12.1,-0.32
12,Eibar,38,11,14,13,46,50,-4,47,1.24,4896,Charles - 14,Marko Dmitrović,,2018,54.8,45.9,9,0.24
13,Leganés,38,11,12,15,37,43,-6,45,1.18,10416,Youssef En-Nesyri - 9,Iván Cuéllar,,2018,40.6,41.2,-0.6,-0.02
14,Villarreal,38,10,14,14,49,52,-3,44,1.16,16732,Karl Toko Ekambi - 10,Sergio Asenjo,,2018,53.9,55,-1.1,-0.03
15,Levante,38,11,11,16,59,66,-7,44,1.16,20216,Roger Martí - 13,Oier Olazábal,,2018,53.9,76.2,-22.3,-0.59
16,Valladolid,38,10,11,17,32,51,-19,41,1.08,18992,Enes Ünal - 6,Jordi Masip,,2018,41.1,58.5,-17.5,-0.46
17,Celta Vigo,38,10,11,17,53,62,-9,41,1.08,17603,Iago Aspas - 20,Rubén Blanco,,2018,46.5,60.9,-14.4,-0.38
18,Girona,38,9,10,19,37,53,-16,37,0.97,10948,Cristhian Stuani - 19,Yassine Bounou,Relegated,2018,43.5,52.7,-9.2,-0.24
19,Huesca,38,7,12,19,43,65,-22,33,0.87,6605,Ezequiel Ávila - 10,Roberto Santamaría,Relegated,2018,50.8,60.2,-9.4,-0.25
20,Rayo Vallecano,38,8,8,22,41,70,-29,32,0.84,11928,Raúl de Tomás - 14,Stole Dimitrievski,Relegated,2018,48.7,60,-11.3,-0.3
1,Real Madrid,38,26,9,3,70,25,45,87,2.29,45833,Karim Benzema - 21,Thibaut Courtois,→ Champions League via league finish,2019,67.9,33.3,34.6,0.91
2,Barcelona,38,25,7,6,86,38,48,82,2.16,54223,Lionel Messi - 25,Marc-André ter Stegen,→ Champions League via league finish,2019,66.3,38.3,28,0.74
3,Atlético Madrid,38,18,16,4,51,27,24,70,1.84,42236,Álvaro Morata - 12,Jan Oblak,→ Champions League via league finish,2019,56.8,32.5,24.4,0.64
4,Sevilla,38,19,13,6,54,34,20,70,1.84,25016,Lucas Ocampos - 14,Tomáš Vaclík,→ Champions League via league finish,2019,53.2,36.1,17.1,0.45
5,Villarreal,38,18,6,14,63,49,14,60,1.58,11321,Gerard Moreno - 18,Sergio Asenjo,→ Europa League via league finish 1,2019,63.6,46.3,17.3,0.45
6,Real Sociedad,38,16,8,14,56,48,8,56,1.47,21204,Willian José - 11,Álex Remiro,→ Europa League via league finish,2019,48.9,43,5.8,0.15
7,Granada,38,16,8,14,52,45,7,56,1.47,11174,Carlos Fernández - 10,Rui Silva,→ Europa League via league finish,2019,44.9,42.6,2.3,0.06
8,Getafe,38,14,12,12,43,37,6,54,1.42,8000,Jaime Mata - 11,David Soria,,2019,41.6,41.4,0.2,0
9,Valencia,38,14,11,13,46,53,-7,53,1.39,29658,Maxi Gómez - 10,Jasper Cillessen,,2019,43.3,56,-12.7,-0.33
10,Osasuna,38,13,13,12,46,54,-8,52,1.37,11453,Ezequiel Ávila - 9,Sergio Herrera,,2019,49.4,49.4,0.1,0
11,Athletic Club,38,13,12,13,41,38,3,51,1.34,28039,Raúl García - 15,Unai Simón,,2019,41.5,48.8,-7.3,-0.19
12,Levante,38,14,7,17,47,53,-6,49,1.29,13196,Roger Martí - 11,Aitor Fernández,,2019,48.1,62.9,-14.8,-0.39
13,Valladolid,38,9,15,14,32,43,-11,42,1.11,13580,Sergi Guardiola - 8,Jordi Masip,,2019,36.6,54.5,-18,-0.47
14,Eibar,38,11,9,18,39,56,-17,42,1.11,4151,Fabián Orellana - 8,Marko Dmitrović,,2019,42,53,-11,-0.29
15,Betis,38,10,11,17,48,60,-12,41,1.08,35969,Loren Morón - 10,Joel Robles,,2019,51,54.8,-3.7,-0.1
16,Alavés,38,10,9,19,34,59,-25,39,1.03,12177,"Joselu, Lucas Pérez - 11",Fernando Pacheco,,2019,39.3,57.8,-18.5,-0.49
17,Celta Vigo,38,7,16,15,37,49,-12,37,0.97,11995,Iago Aspas - 14,Rubén Blanco,,2019,39.2,45.3,-6.1,-0.16
18,Leganés,38,8,12,18,30,51,-21,36,0.95,7539,Óscar Rodríguez Arnaiz - 9,Iván Cuéllar,Relegated,2019,39.9,42.8,-2.9,-0.08
19,Mallorca,38,9,6,23,40,65,-25,33,0.87,10877,Ante Budimir - 13,Manolo Reina,Relegated,2019,41.1,63.5,-22.4,-0.59
20,Espanyol,38,5,10,23,27,58,-31,25,0.66,16260,"Raúl de Tomás, David López... - 4",Diego López,Relegated,2019,38.6,51,-12.4,-0.33
1,Atlético Madrid,38,26,8,4,67,25,42,86,2.26,,Luis Suárez - 21,Jan Oblak,→ Champions League via league finish,2020,52.8,37.1,15.7,0.41
2,Real Madrid,38,25,9,4,67,28,39,84,2.21,,Karim Benzema - 23,Thibaut Courtois,→ Champions League via league finish,2020,61.5,37.6,23.9,0.63
3,Barcelona,38,24,7,7,85,38,47,79,2.08,,Lionel Messi - 30,Marc-André ter Stegen,→ Champions League via league finish,2020,73.5,40.8,32.7,0.86
4,Sevilla,38,24,5,9,53,33,20,77,2.03,,Youssef En-Nesyri - 18,Yassine Bounou,→ Champions League via league finish,2020,54.4,34.8,19.6,0.52
5,Real Sociedad,38,17,11,10,59,38,21,62,1.63,,Alexander Isak - 17,Álex Remiro,→ Europa League via league finish,2020,60.7,39.2,21.5,0.57
6,Betis,38,17,10,11,50,50,0,61,1.61,,Borja Iglesias - 11,Claudio Bravo,→ Europa League via league finish 1,2020,49.1,46.8,2.3,0.06
7,Villarreal,38,15,13,10,60,44,16,58,1.53,253,Gerard Moreno - 23,Sergio Asenjo,,2020,56.4,42.5,13.9,0.37
8,Celta Vigo,38,14,11,13,55,57,-2,53,1.39,91,Iago Aspas - 14,Iván Villar,,2020,50.4,51,-0.6,-0.02
9,Granada,38,13,7,18,47,65,-18,46,1.21,,Roberto Soldado - 9,Rui Silva,,2020,41.1,56.2,-15,-0.4
10,Athletic Club,38,11,13,14,46,42,4,46,1.21,,Álex Berenguer - 8,Unai Simón,,2020,42.8,37.5,5.3,0.14
11,Osasuna,38,11,11,16,37,48,-11,44,1.16,,Ante Budimir - 11,Sergio Herrera,,2020,38.7,47.8,-9,-0.24
12,Cádiz,38,11,11,16,36,58,-22,44,1.16,,Álvaro Negredo - 8,Jeremías Ledesma,,2020,34.7,55.4,-20.7,-0.54
13,Valencia,38,10,13,15,50,53,-3,43,1.13,142,Carlos Soler - 11,Jaume Doménech,,2020,42.6,52.2,-9.6,-0.25
14,Levante,38,9,14,15,46,57,-11,41,1.08,,José Luis Morales - 13,Aitor Fernández,,2020,40.4,53.5,-13.1,-0.34
15,Getafe,38,9,11,18,28,43,-15,38,1,,"Ángel Rodríguez, Jaime Mata - 5",David Soria,,2020,34.4,40.3,-5.9,-0.16
16,Alavés,38,9,11,18,36,57,-21,38,1,,Joselu - 11,Fernando Pacheco,,2020,42.6,49.9,-7.3,-0.19
17,Elche,38,8,12,18,34,55,-21,36,0.95,185,Lucas Boyé - 7,Édgar Badía,,2020,29.9,60.9,-31,-0.82
18,Huesca,38,7,13,18,34,53,-19,34,0.89,,Rafa Mir - 13,Álvaro Fernández,Relegated,2020,38.7,48.1,-9.4,-0.25
19,Valladolid,38,5,16,17,34,57,-23,31,0.82,,"Fabián Orellana, Shon Weissman - 6",Jordi Masip,Relegated,2020,40.1,52.9,-12.8,-0.34
20,Eibar,38,6,12,20,29,52,-23,30,0.79,,Kiké - 12,Marko Dmitrović,Relegated,2020,45.2,45.7,-0.5,-0.01
1,Real Madrid,38,26,8,4,80,31,49,86,2.26,41235,Karim Benzema - 27,Thibaut Courtois,→ Champions League via league finish,2021,71.7,43.9,27.8,0.73
2,Barcelona,38,21,10,7,68,38,30,73,1.92,53982,Memphis - 12,Marc-André ter Stegen,→ Champions League via league finish,2021,63.4,34.4,29,0.76
3,Atlético Madrid,38,21,8,9,65,43,22,71,1.87,48039,Ángel Correa - 12,Jan Oblak,→ Champions League via league finish,2021,54.4,33.4,21.1,0.56
4,Sevilla,38,18,16,4,53,30,23,70,1.84,29756,Rafa Mir - 10,Yassine Bounou,→ Champions League via league finish,2021,42.4,36.9,5.4,0.14
5,Betis,38,19,8,11,62,40,22,65,1.71,41749,Juanmi - 16,Rui Silva,→ Europa League via cup win,2021,53.5,43.4,10.1,0.27
6,Real Sociedad,38,17,11,10,40,37,3,62,1.63,26813,Mikel Oyarzabal - 9,Álex Remiro,→ Europa League via league finish,2021,51.5,38.7,12.8,0.34
7,Villarreal,38,16,11,11,63,37,26,59,1.55,14293,Arnaut Danjuma - 10,Gerónimo Rulli,→ Europa Conference League via league finish,2021,64.2,44.8,19.4,0.51
8,Athletic Club,38,14,13,11,43,36,7,55,1.45,32949,Iñaki Williams - 8,Unai Simón,,2021,49.6,38.4,11.3,0.3
9,Valencia,38,11,15,12,48,53,-5,48,1.26,27349,"Gonçalo Guedes, Carlos Soler - 11",Giorgi Mamardashvili,,2021,39,47.7,-8.7,-0.23
10,Osasuna,38,12,11,15,37,51,-14,47,1.24,17107,Ante Budimir - 8,Sergio Herrera,,2021,36.7,46.3,-9.6,-0.25
11,Celta Vigo,38,12,10,16,43,43,0,46,1.21,10014,Iago Aspas - 18,Matías Dituro,,2021,43.1,45.7,-2.6,-0.07
12,Rayo Vallecano,38,11,9,18,39,50,-11,42,1.11,7866,Sergi Guardiola - 8,Stole Dimitrievski,,2021,42.8,48.4,-5.6,-0.15
13,Elche,38,11,9,18,40,52,-12,42,1.11,15640,Pere Milla - 8,Édgar Badía,,2021,33.7,59.1,-25.4,-0.67
14,Espanyol,38,10,12,16,40,53,-13,42,1.11,17362,Raúl de Tomás - 17,Diego López,,2021,36.7,51.2,-14.5,-0.38
15,Getafe,38,8,15,15,33,41,-8,39,1.03,8702,Enes Ünal - 16,David Soria,,2021,29.3,38.6,-9.3,-0.25
16,Mallorca,38,10,9,19,36,63,-27,39,1.03,12712,"Vedat Muriqi, Salva Sevilla - 5",Manolo Reina,,2021,38.8,49.3,-10.5,-0.28
17,Cádiz,38,8,15,15,35,51,-16,39,1.03,14055,"Anthony Lozano, Álvaro Negredo - 7",Jeremías Ledesma,,2021,39.5,48.3,-8.7,-0.23
18,Granada,38,8,14,16,44,61,-17,38,1,13710,Jorge Molina - 10,Luís Maximiano,Relegated,2021,39,61.2,-22.2,-0.59
19,Levante,38,8,11,19,51,76,-25,35,0.92,14961,José Luis Morales - 13,Dani Cárdenas,Relegated,2021,55.1,55,0.1,0
20,Alavés,38,8,7,23,31,65,-34,31,0.82,10952,Joselu - 14,Fernando Pacheco,Relegated,2021,37.3,57,-19.7,-0.52
1,Barcelona,38,28,4,6,70,20,50,88,2.32,83498,Robert Lewandowski - 23,Marc-André ter Stegen,→ Champions League via league finish,2022,75.5,33.2,42.3,1.11
2,Real Madrid,38,24,6,8,75,36,39,78,2.05,56649,Karim Benzema - 19,Thibaut Courtois,→ Champions League via league finish,2022,75.5,38.9,36.6,0.96
3,Atlético Madrid,38,23,8,7,70,33,37,77,2.03,55800,Antoine Griezmann - 15,Jan Oblak,→ Champions League via league finish,2022,61.9,41.1,20.8,0.55
4,Real Sociedad,38,21,8,9,51,35,16,71,1.87,32189,Alexander Sørloth - 12,Álex Remiro,→ Champions League via league finish,2022,52.9,33,19.8,0.52
5,Villarreal,38,19,7,12,59,40,19,64,1.68,16406,Nicolas Jackson - 12,Pepe Reina,→ Europa League via league finish,2022,61.6,49.9,11.8,0.31
6,Betis,38,17,9,12,46,41,5,60,1.58,49635,Borja Iglesias - 15,Rui Silva,→ Europa League via league finish,2022,51.3,50,1.3,0.03
7,Osasuna,38,15,8,15,37,42,-5,53,1.39,19655,"Ante Budimir, Ezequiel Ávila - 8",Aitor Fernández,→ Conference League via league finish,2022,39.8,45.7,-5.9,-0.15
8,Athletic Club,38,14,9,15,47,43,4,51,1.34,43488,"Iñaki Williams, Oihan Sancet - 10",Unai Simón,,2022,54.2,36.9,17.3,0.46
9,Mallorca,38,14,8,16,37,43,-6,50,1.32,14799,Vedat Muriqi - 15,Predrag Rajković,,2022,35.2,46.4,-11.2,-0.3
10,Girona,38,13,10,15,58,55,3,49,1.29,11471,Valentín Castellanos - 13,Paulo Gazzaniga,,2022,50.6,54.9,-4.3,-0.11
11,Rayo Vallecano,38,13,10,15,45,53,-8,49,1.29,12525,Isaac Palazón Camacho - 9,Stole Dimitrievski,,2022,43.9,50.3,-6.4,-0.17
12,Sevilla,38,13,10,15,47,54,-7,49,1.29,35566,Youssef En-Nesyri - 8,Yassine Bounou,,2022,46.3,54.2,-7.9,-0.21
13,Celta Vigo,38,11,10,17,43,53,-10,43,1.13,14425,Iago Aspas - 12,"Agustín Marchesín, Iván Villar",,2022,42.6,45.4,-2.8,-0.07
14,Cádiz,38,10,12,16,30,53,-23,42,1.11,17741,"Theo Bongonda, Gonzalo Escalante - 4",Jeremías Ledesma,,2022,41.5,61.6,-20.1,-0.53
15,Getafe,38,10,12,16,34,45,-11,42,1.11,11592,Enes Ünal - 14,David Soria,,2022,36.7,46,-9.4,-0.25
16,Valencia,38,11,9,18,42,45,-3,42,1.11,40602,"Samuel Lino, Justin Kluivert - 6",Giorgi Mamardashvili,,2022,49.3,43.5,5.8,0.15
17,Almería,38,11,8,19,49,65,-16,41,1.08,12961,El Bilal Touré - 7,Fernando,,2022,45.5,62.5,-17,-0.45
18,Valladolid,38,11,7,20,33,63,-30,40,1.05,20943,Cyle Larin - 8,Jordi Masip,Relegated,2022,38.5,65.2,-26.6,-0.7
19,Espanyol,38,8,13,17,52,69,-17,37,0.97,21601,Joselu - 16,Fernando Pacheco,Relegated,2022,48.3,59.8,-11.5,-0.3
20,Elche,38,5,10,23,30,67,-37,25,0.66,19875,Lucas Boyé - 7,Édgar Badía,Relegated,2022,37.5,70,-32.6,-0.86
1,Real Madrid,38,29,8,1,87,26,61,95,2.5,72061,Jude Bellingham - 19,Andriy Lunin,→ Champions League via league finish,2023,68.8,35.4,33.4,0.88
2,Barcelona,38,26,7,5,79,44,35,85,2.24,39846,Robert Lewandowski - 19,Marc-André ter Stegen,→ Champions League via league finish,2023,77.6,41.6,35.9,0.94
3,Girona,38,25,6,7,85,46,39,81,2.13,12520,Artem Dovbyk - 24,Paulo Gazzaniga,→ Champions League via league finish,2023,70.8,54.3,16.5,0.43
4,Atlético Madrid,38,24,4,10,70,43,27,76,2,59121,Antoine Griezmann - 16,Jan Oblak,→ Champions League via league finish,2023,62.4,39.5,23,0.6
5,Athletic Club,38,19,11,8,61,37,24,68,1.79,46112,Gorka Guruzeta - 14,Unai Simón,→ Europa League via cup win,2023,52.7,41.3,11.4,0.3
6,Real Sociedad,38,16,12,10,51,39,12,60,1.58,31710,Mikel Oyarzabal - 9,Álex Remiro,→ Europa League via league finish,2023,44.9,41.3,3.6,0.1
7,Betis,38,14,15,9,48,45,3,57,1.5,51259,Willian José - 10,Rui Silva,→ Conference League via league finish,2023,43.9,50.2,-6.3,-0.17
8,Villarreal,38,14,11,13,65,65,0,53,1.39,17957,Alexander Sørloth - 23,Filip Jørgensen,,2023,55.6,58.7,-3.2,-0.08
9,Valencia,38,13,10,15,40,45,-5,49,1.29,43420,Hugo Duro - 13,Giorgi Mamardashvili,,2023,43.1,47.6,-4.5,-0.12
10,Alavés,38,12,10,16,36,46,-10,46,1.21,17391,Samu Omorodion - 8,Antonio Sivera,,2023,46.2,44.7,1.5,0.04
11,Osasuna,38,12,9,17,45,56,-11,45,1.18,19703,Ante Budimir - 17,Sergio Herrera,,2023,40.5,49.9,-9.4,-0.25
12,Getafe,38,10,13,15,42,54,-12,43,1.13,11456,Borja Mayoral - 15,David Soria,,2023,45.7,53.8,-8.1,-0.21
13,Celta Vigo,38,10,11,17,46,57,-11,41,1.08,20039,Jørgen Strand Larsen - 13,Vicente Guaita,,2023,50.7,54.6,-3.8,-0.1
14,Sevilla,38,10,11,17,48,54,-6,41,1.08,34984,Youssef En-Nesyri - 16,Ørjan Nyland,,2023,44.9,55.9,-11,-0.29
15,Mallorca,38,8,16,14,33,44,-11,40,1.05,17767,Vedat Muriqi - 7,Predrag Rajković,,2023,40.5,42.9,-2.5,-0.06
16,Las Palmas,38,10,10,18,33,47,-14,40,1.05,25041,Kirian Rodríguez - 6,Álvaro Vallés,,2023,33.2,56.6,-23.5,-0.62
17,Rayo Vallecano,38,8,14,16,29,48,-19,38,1,12749,Álvaro García - 6,Stole Dimitrievski,,2023,42.3,44.6,-2.3,-0.06
18,Cádiz,38,6,15,17,26,55,-29,33,0.87,18016,Chris Ramos - 5,Jeremías Ledesma,Relegated,2023,36,52.3,-16.3,-0.43
19,Almería,38,3,12,23,43,75,-32,21,0.55,12893,Sergio Arribas - 9,Luís Maximiano,Relegated,2023,48.7,61.6,-12.9,-0.34
20,Granada,38,4,9,25,38,79,-41,21,0.55,16350,Myrto Uzuni - 11,Augusto Batalla,Relegated,2023,42.6,64.2,-21.6,-0.57
1,Barcelona,38,28,4,6,102,39,63,88,2.32,45953,Robert Lewandowski - 27,Iñaki Peña,→ Champions League via league finish,2024,91.5,41.9,49.5,1.3
2,Real Madrid,38,26,6,6,78,38,40,84,2.21,69807,Kylian Mbappé - 31,Thibaut Courtois,→ Champions League via league finish,2024,75.3,42.8,32.5,0.86
3,Atlético Madrid,38,22,10,6,68,30,38,76,2,60883,Alexander Sørloth - 20,Jan Oblak,→ Champions League via league finish,2024,64.6,33.4,31.2,0.82
4,Athletic Club,38,19,13,6,54,29,25,70,1.84,48420,Oihan Sancet - 15,Unai Simón,→ Champions League via league finish,2024,53,37.8,15.2,0.4
5,Villarreal,38,20,10,8,71,51,20,70,1.84,18266,Ayoze Pérez - 19,Diego Conde,→ Champions League via league finish,2024,64.8,44.4,20.4,0.54
6,Betis,38,16,12,10,57,50,7,60,1.58,51542,Isco - 9,Adrián,→ Europa League via league finish,2024,54.7,50.6,4.1,0.11
7,Celta Vigo,38,16,7,15,59,57,2,55,1.45,21504,Borja Iglesias - 11,Vicente Guaita,→ Europa League via league finish,2024,54.2,43.4,10.9,0.29
8,Rayo Vallecano,38,13,13,12,41,45,-4,52,1.37,12908,Jorge de Frutos - 6,Augusto Batalla,→ Conference League via league finish,2024,45.4,49,-3.5,-0.09
9,Osasuna,38,12,16,10,48,52,-4,52,1.37,20476,Ante Budimir - 21,Sergio Herrera,,2024,44,53.7,-9.7,-0.25
10,Mallorca,38,13,9,16,35,44,-9,48,1.26,18502,"Cyle Larin, Vedat Muriqi - 7",Dominik Greif,,2024,38.8,46.8,-8.1,-0.21
11,Real Sociedad,38,13,7,18,35,46,-11,46,1.21,29877,Mikel Oyarzabal - 9,Álex Remiro,,2024,42.5,43.9,-1.5,-0.04
12,Valencia,38,11,13,14,44,54,-10,46,1.21,43042,Hugo Duro - 11,Giorgi Mamardashvili,,2024,43.3,51.9,-8.6,-0.23
13,Getafe,38,11,9,18,34,39,-5,42,1.11,11469,Mauro Arambarri - 10,David Soria,,2024,36.8,46.2,-9.4,-0.25
14,Espanyol,38,11,9,18,40,51,-11,42,1.11,25640,Javi Puado - 12,Joan García,,2024,34.4,53.8,-19.4,-0.51
15,Alavés,38,10,12,16,38,48,-10,42,1.11,17318,Kiké - 13,Antonio Sivera,,2024,42.8,47,-4.2,-0.11
16,Girona,38,11,8,19,44,60,-16,41,1.08,11657,Cristhian Stuani - 11,Paulo Gazzaniga,,2024,42.5,50.4,-8,-0.21
17,Sevilla,38,10,11,17,42,55,-13,41,1.08,35619,Dodi Lukebakio - 11,Ørjan Nyland,,2024,42.7,47.4,-4.7,-0.12
18,Leganés,38,9,13,16,39,56,-17,40,1.05,11135,Dani Raba - 8,Marko Dmitrović,Relegated,2024,36,59.4,-23.4,-0.62
19,Las Palmas,38,8,8,22,40,61,-21,32,0.84,23010,Fábio Silva - 10,Jasper Cillessen,Relegated,2024,36.3,66.8,-30.5,-0.8
20,Valladolid,38,4,4,30,26,90,-64,16,0.42,19831,Mamadou Sylla - 5,Karl Jakob Hein,Relegated,2024,34.6,67.6,-33,-0.87
